guardian,nytimes,bbc,aljazeera
Harris heads to Texas as poll shows her tied with Trump at 48%,"Harris and Trump Deadlocked to the End, Final Times/Siena National Poll Finds",Top LA prosecutor backs Menendez brothers being released on parole,Israeli raid kills 38 in Khan Younis after ‘major massacre’ in north Gaza
Children among dead as 38 killed in Israeli attack on Khan Younis,Could Donald Trump Win the Popular Vote but Lose the Electoral College?,Democrats anxious as Trump gains ground in tight race,"Live updates, "
King acknowledges ‘painful’ past as calls for slavery reparations grow at summit,"Harris, Trump and Allies Spend Over a Half-Billion Dollars in 16 Days",Top LA prosecutor backs Menendez brothers being released on parole,list 1 of 6
Anti-hate group vows to continue work after Elon Musk’s declaration of ‘war’,U.S. Bond Market Braces for the ‘Trump Trade’ of Large Tariffs and Deficits,Democrats anxious as Trump gains ground in tight race,Published 1 minutes ago
‘Someone who destroyed my life’: rapper Shyne on Sean ‘Diddy’ Combs in new documentary,"Obama Rallies With Harris for First Time, to the Chords of Bruce Springsteen","‘Death trap’ Channel boats traded by smugglers in German city, BBC investigation finds",1m ago
Legal bid for Ecuador forest to be recognised as song co-creator,Trump to Appear on Joe Rogan’s Podcast as Harris Visits Brené Brown’s Show,Joe Rogan's path to a once-improbable Trump interview,list 2 of 6
LA district attorney recommends resentencing for Menéndez brothers,Why Harris (With Beyoncé in Tow) Is Heading to Solidly Red Texas,Lost Silk Road cities discovered in Uzbek mountains,Published 21 minutes ago
‘We have emotions too’: Climate scientists respond to attacks on objectivity,"Poll Shows Dead Heat, Biden to Apologize for Native American School Abuses, and More",Moment BBC reporter returns tortured monkey into wild,21m ago
"Sliver of cool surface water 2mm deep helps oceans absorb CO2, say scientists",The Army of Election Officials Ready to Reject the Vote,Three Lebanese journalists killed in Israeli strike,list 3 of 6
Helen Mirren: it’s so sad Kurt Cobain died before GPS was invented,What to Know About the Looming Election Certification Crisis,The film lifting the lid on the Pope's election,Published 31 minutes ago
Watershed moment as Georgia goes to polls in tussle between Russia and west,The Other War for These Gazans Is Against Cancer,What to do when a friendship ends,31m ago
‘Blood alliance’: why South Korea fears North’s involvement in Ukraine war,"Deadly Israeli Strikes Hit Southern Gaza, Health Officials Say",India's balancing act with the West as Brics flexes new muscles,list 4 of 6
High-stakes pension plebiscite could turn Uruguay’s election in to its ‘Brexit moment’,"Iran Is Preparing for War With Israel, but Hoping to Avert It",UK willing to hand over Gaza intelligence to war crimes court,Published 41 minutes ago
"Lady Gaga: Disease review – a return to form, and to her classic sound",Why M.L.B. May Finally Have Its Own Version of Magic Johnson vs. Larry Bird,Tense election fight for Georgia's future in Europe,41m ago
Should my flatmate stop drying her underwear on our radiators?,Yankees or Dodgers? Our Experts Predict the World Series.,Trump and Harris take detour from swing states as they head for Texas,list 5 of 6
Hellah Sidibe: the pioneering ultrarunner who was once scared of running,Why Is North Korea Deploying Troops to Help Russia? Here’s What to Know.,Kurdish militant group behind attack on Turkish aerospace firm,Published 51 minutes ago
‘It’s going to be much darker’: inside the deadly return of TV masterpiece Wolf Hall,Georgia’s Election Could Decide Whether the Country Pivots East or West,UK willing to hand over Gaza intelligence to war crimes court,51m ago
"‘Who am I voting for? America!’ Chris Stapleton on patriotism, politics and being country’s great crossover star",How a Campaign of Fear Has Shaken Canada’s Sikhs,"We must learn lessons from history, King tells Commonwealth",list 6 of 6
I do hair and makeup for the dead,The Crypto Website Where the Election Odds Swing in Trump’s Favor,Ketchup in space: 'You gotta squirt it out',Published 1 hours ago
Kate Bush: Little Shrew review – this devastating film will make you weep at war’s violence against children,Betting Markets Favor Trump. But Their Record of Accuracy Is Mixed.,Putin challenged over Ukraine war by BBC's Steve Rosenberg ,1h ago
Growth the size of a melon: a scrotum-swelling disease threatening thousands,"Malaria Is Surging in Ethiopia, Reversing a Decade of Progress ",Tense election fight for Georgia's future in Europe,Israeli raid kills 38 in Khan Younis after ‘major massacre’ in north Gaza
The US election interference row tells us this: Starmer’s political compass urgently needs resetting,Attacks on L.G.B.T.Q. People Shake Sense of Security in Ivory Coast,Menendez case that has divided America takes new turn,PKK claims attack on Turkish defence company near Ankara that killed five
Don’t ‘boy mum’ me. These stereotypes around raising children do enormous harm,‘Conclave’: A Fly on the Wall Inside the Secret Process to Elect a Pope,The AI that's already in your phone,PKK claims attack on Turkish defence company near Ankara that killed five
A prime minister defending immigration? It can happen. It just did here in Spain,Serpents and Doves Run Amok in the Vatican,Mpox - what we know... and what we don't,Three journalists killed in Israeli attack in southern Lebanon
"If Civilization is falling apart, I might as well control it myself",Watch Ralph Fiennes Deliver a Startling Speech in ‘Conclave’,King: 'It is vital that we understand our history',EXPLAINER
The corporate takeover of ‘craft beer’ leaves a nasty taste in the mouth,"A Poem Hitches a Ride on a Rocket, to Infinity and Beyond",'I need to go to team at bottom of table in England' ,Can Liz Cheney help Kamala Harris’s campaign? Or will she hurt her?
"Obama fan-boys Eminem, American Airlines gets tough on ‘gate lice’","In this 2011 essay, a 39-year-old woman is asked by a date, “What’s wrong with you?”",'We must change the way we measure debt': UK chancellor,Israel’s ‘war’ against the UN
Pakistan turn tide on England with Saud century and late wickets,This giant jam bun makes a party out of teatime.,The battle over one of Italy's most famous pastas,At least 76 killed as Tropical Storm Trami batters the Philippines
"England v Germany buildup, Premier League news and Europa League reaction",The sisters behind “Nobody Wants This” are in high demand.,The 5 nature wins that have actually worked,Uganda sentences LRA commander Thomas Kwoyelo to 40 years for war crimes
"Data, repeat viewings and gut feeling: how Liverpool signed Firmino",Is there a feud between Martha Stewart and Ina Garten?,Would Harris's price gouging plan really help US consumers? ,Can China’s Xi and India’s Modi reset rocky ties after border detente?
Will the Yankees or Dodgers win east v west coast heavyweight clash?,The Editorial Board,US election polls: Who is ahead - Harris or Trump?,South African Indigenous people fight Big Oil to defend ancestors’ spirits
Howe tells Alexander Isak to ‘focus on football’ not a new deal,Trump Is Telling Us What He Would Do. Believe Him.,Angry Kenyans' comments crash Senate email address,"Remembering Shamshad Abdullaev, the world-class Uzbek poet too few knew"
Pressure on Steidten and Lopetegui as West Ham revamp stalls,Don Jr. Is Making Plans,Obama and stars help Democrats shore up Georgia votes,Why are some Taiwanese afraid of giving legislators more power?
10 things to look out for this weekend as Liverpool visit Arsenal,Republicans Assumed a Nebraska Senate Seat Was Safe. Then This Candidate Came Along.,Ex-rebel gets 40-year jail term in landmark Ugandan case,"US election: 11 days left – What polls say, what Harris and Trump are up to"
Mancini walks away from Saudi Arabia after 14 months as coach ,Maggie Haberman on How Trump Has Changed,Footballer denies plot to smuggle £600k cannabis,Britain argues over assisted dying: What to know about the emotive debate
Tropical storm season in full swing in Indian and Pacific oceans,What Is It About Trump That the Generals Want Us to Understand?,"Premier League: Arteta news conference - Saka, Calafiori and Timber 'very uncertain' to face Liverpool",From Catholic saints to Persian rulers: How are hurricanes named?
‘Crunch time for real’: UN says time for climate delays has run out,There’s a Very Good Reason College Students Don’t Read Anymore,Shakeel puts Pakistan in charge of deciding Test,Israelis break into north Gaza as military’s deadly siege continues
Hawaii sets rules to stop spread of tree-killing coconut rhinoceros beetles,The Election Is Happening Too Soon,All eyes on Ten Hag & Man Utd - but Mourinho steals show again,Video Duration 02 minutes 07 seconds 
US power grid added battery equivalent of 20 nuclear reactors in past four years,"1 Person, 1 Button, 15 Minutes: Absolute Authority to End the World",'I was worried about bleeding on McGregor's expensive shirt',02:07
Where do Harris and Trump stand on the key election issues?,How Trump Could Bankrupt Social Security,US gets $100m settlement for Baltimore bridge collapse,Video Duration 02 minutes 07 seconds 
I visited JD Vance’s hometown. Here’s what I learned about young male voters,The Worst Tucker Carlson Metaphor of the Month. So Far.,Twice homeless millionaire tops UK black power list,02:07
"If Trump wins the election, this is what’s at stake for gun control",Biden Has a Crucial Decision to Make on Ukraine,What we know about the McDonald's E. coli outbreak,Israeli forces storm Kamal Adwan Hospital during north Gaza siege
Nobel prize winners endorse Harris and warn Trump would endanger future of science,Beyond Trump vs. Harris: Control of Congress Comes Down to These Races,The software extending the life of your phone,Video Duration 00 minutes 47 seconds 
‘Ours is a fight for the future’: Harris and Obama share stage for first time at Georgia rally,"It Sounded Like Dancing, Drinking and Sex. It Blew People’s Minds.",Call of Duty: Black Ops 6 launches with eyes on Game Pass,00:47
‘Inhumane and wicked’: anguish over Italy’s expanded surrogacy ban,Iran’s Fateful Decision,Can meetup apps help us make friends? ,Video Duration 00 minutes 47 seconds 
Putin does not deny North Korea has sent soldiers to Russia,I’m an OB-GYN. Here’s How I Think About the Women Who Died After Taking Abortion Pills.,The odd-tasting oil that turned out to be healthy,00:47
Justin Trudeau insists he will lead Liberals into next election amid dissent,I Spoke to Many Working-Class Voters. This Is Why Trump Is Their Overwhelming Choice.,All aboard Tanzania's electric train breaking new ground for East Africa,"Bruce Springsteen, Samuel L Jackson, Spike Lee, rally for Harris"
Israel’s plan to ban Unrwa from accessing Gaza marks new low in its relations with UN,Autocracies Against Ukraine,Qasr al-Farid: The Lonely Castle of the ancient Nabateans,Video Duration 00 minutes 58 seconds 
‘Sherpas are rarely seen as elite athletes’: record-breaking teenager’s fight for equality,Late Night: Jimmy Fallon Rallies for Queen Bey,Mescal cast in Gladiator II after '30-minute Zoom call',00:58
UK consumers in ‘a despondent mood’ ahead of the budget; pound on track for worst month in a year  ,"Despite Deadly Attack, Turkey Seeks Opening With Kurdish Militants",Raye's songwriting books for new album stolen,Video Duration 00 minutes 58 seconds 
"Gambling poses huge global threat to public health, experts warn",Biden to Apologize for Indian Boarding Schools Where Hundreds of Children Died,Kate Bush reveals plans to make new music,00:58
Astronauts return from nearly eight months on ISS after Starliner problems,Many Wells in North Carolina Remain Unsafe After Helene's Deluge,Bruce Springsteen: I rarely see my bandmates - we've seen each other enough,Al Jazeera locates young girl in Gaza seen carrying injured sister
Limits on testing for bird flu in humans could pose difficulty for containing spread,Companies to Pay $101.9 Million to Settle Baltimore Bridge Collapse Lawsuit,The battle over one of Italy's most famous pastas,Video Duration 02 minutes 24 seconds 
Raye loses songwriting books for second album in car theft,Teenager Is Charged With Murder of 5 Relatives in Washington State,A 315km bike ride into Earth's 'lost' continent,02:24
Kate Bush shares plans to make new music: ‘I’ve got lots of ideas’,Los Angeles District Attorney Will Ask Court to Resentence Menendez Brothers,Where to hear traditional Irish music in Galway,Video Duration 02 minutes 24 seconds 
"Letters by Oliver Sacks review – science, sex and motorcycles",2 Brothers Are Charged With Assaulting Officers in Jan. 6 Riot,Is an 'expedition' better than a holiday?,02:24
Before review – Billy Crystal’s move into horror is brilliant,Onion Recall Linked to E. Coli and McDonald’s Spreads to Other Food Chains,The 5 nature wins that have actually worked,South Korea condemns Russia’s move to seal defence pact with North Korea
Lissa Evans: ‘Charlotte’s Web had me beside myself with rage and disbelief’,Army Sergeant’s Body Is Found in Dumpster at Missouri Base; One in Custody,The water industry is in crisis. Can it be fixed?,Seoul ‘strongly urges’ immediate withdrawal of North Korean troops from Russia.
Children’s and teens roundup – the best new picture books and novels,"Patti McGee, Skateboarding’s First Female Champion, Dies at 79",Is the UN warning of 3.1C global warming a surprise?,South Korea condemns Russia’s move to seal defence pact with North Korea
‘I stood on the sunny hilltop imagining I was a Roman’: readers’ favourite ancient sites in Europe,"What’s in an N.F.L. Diet? 80,000 Uncrustables Each Year.",Why are disposable vapes so bad for the environment?,Seoul ‘strongly urges’ immediate withdrawal of North Korean troops from Russia.
On a group holiday we realised we had feelings for each other,The Former Liverpool Striker Who Now Plays in France’s 4th Tier,Father penguin uses unique call to distinguish chick,Israeli raid kills 38 in Khan Younis after ‘major massacre’ in north Gaza
"‘Oh, look at the lovely gammon!’ The National Trust’s new woke trail ",The N.B.A.’s Newest Stadium Has a Seating Arrangement Unlike Any Other,Bulgaria's valley of Thracian Kings and Damask roses,"US election: 11 days left – What polls say, what Harris and Trump are up to"
Time for action on my maturing veg patch. First job? Tackle the rhubarb,How Important Is Player Height in Soccer?,The Bahamas: The last lighthouse of its kind,Israel’s ‘war’ against the UN
"Out with the bats, in with the brats: 7 Halloween costumes that lean into the zeitgeist",A College Football Team With a $10 Million Roster Is on the Brink of Failure,Protecting Thailand's famous 'paradise beach',Can China’s Xi and India’s Modi reset rocky ties after border detente?
He did give me pause for thought about whether my position might be too extreme,Where the Top 45 M.L.B. Free Agents Will Play Next Season,World of Business,PKK claims attack on Turkish defence company near Ankara that killed five
Share your experience of being a runner for film or TV,Do People in ‘Blue Zones’ Actually Live Longer?,US Election Unspun,"North Korean troops in Ukraine ‘fair game’, US warns Russia as war rages on"
How has Microsoft Excel become part of your life? ,A 20-Minute Workout to Keep Your Body Limber,The Essential List,Want to know who will win the US election? Take a look at the stock market
How have you been affected by the recent violence?,"To Prevent Golfing Injuries, Loosen Up Your Spine",News Briefing,"Russia-Ukraine war: List of key events, day 973"
Tell us your experience with Australia’s housing affordability crisis,C.D.C. Expands Covid Vaccine Recommendations,Obama and stars help Democrats shore up Georgia votes,Photos: Exact moment Israeli missile strikes building in Beirut
Which disease-modifying Alzheimer’s drugs are the most promising?,"United by Love, Divided by Politics",US election polls: Who is ahead - Harris or Trump?,"At BRICS summit, Putin welcomes Trump’s comments on ending Ukraine war"
Polls show historic gender split between Trump and Harris voters,"Design, Unearthed and Unfettered, in Cooper Hewitt’s Triennial",Democrats anxious as Trump gains ground in tight race,
Growth the size of a melon: a scrotum-swelling disease threatening thousands,"An American in Paris, Honored Like Nobody Before",Joe Rogan's path to a once-improbable Trump interview,
This race could affect Pennsylvanians more than the presidential election. Can Democrats win?,Skeletons Lead Mexico’s Graphic Arts Revolution,UK willing to hand over Gaza intelligence to war crimes court,
"What we’ve learned so far from the Lucy Letby inquiry: ‘cold’ character, missed opportunities and staff shortages",A New Opera Reconsiders Alma Mahler,Gaza ceasefire talks to resume in coming days,
An unlikely Oakland mayor is fighting for political survival amid a billionaire-backed recall,Wordle,Gaza nurse who filmed moments after Israeli strike describes chaos and grief,
‘We don’t know where the tipping point is’: climate expert on potential collapse of Atlantic circulation,Connections,"Israel strike on Gaza school-turned-shelter kills 17, hospital says",
‘An apology is free’: experts on the UK’s approach to slavery reparations,Strands,"North Korea troops in Ukraine would escalate conflict, Lukashenko tells BBC",
‘I don’t have much hope for a Harris presidency’: Ta-Nehisi Coates on Israeli apartheid and what the media gets wrong about Palestine,Spelling Bee,Russians accused of crimes offered choice - go to war instead of court,
What does Elon Musk want from all this politicking?,The Crossword,PM says Russia risks global food security in Ukraine,
"The trial of Björn Höcke, the ‘real boss’ of Germany’s far right – podcast",The Mini Crossword,Donated ambulance for injured Ukrainian soldiers,
Why Elon Musk needs Donald Trump to win – podcast,"The electorate has rarely seemed so evenly divided. A New York Times/Siena College poll found Kamala Harris and Donald Trump tied, 48 percent to 48 percent.",The water industry is in crisis. Can it be fixed?,
Undercover inside a ‘scientific racism’ network – podcast,"It’s not likely, but it’s not something that can be completely dismissed either, recent polling suggests.",Is the UK system letting down people who were harmed by Covid vaccines?,
US election extra: Pennsylvania in the balance – podcast,"At a star-filled rally in Georgia, former President Obama tried to give a jolt of energy to Kamala Harris, who is often seen as a successor.",'You lured him in': Rape myths and what we still get wrong about sexual assault,
Haaland goes full Matrix and a belter in Barcelona – Football Weekly Extra,A movement driven by disinformation about Donald Trump’s 2020 defeat has taken over many of the boards that certify elections. It could cause chaos in the weeks ahead.,The work sickness timebomb that risks a lost generation of UK workers,
What’s at stake for the climate if Trump wins? – podcast,"Cancer patients from Gaza who are receiving care in Jordan’s capital, Amman, bear burdens beyond those of illness — feelings of guilt, fear and homesickness.",,
On the road in Birmingham: can the budget save this bankrupt city – Politics Weekly UK,"Gaza’s health ministry said dozens of people were killed in airstrikes in a residential area of Khan Younis, where Israel has said it is targeting Hamas.",,
'Love me some Eminem': Obama raps on stage at Harris campaign rally ,"A showdown between Aaron Judge and Shohei Ohtani features the two biggest generators of global baseball star power, a columnist for The Athletic writes.",,
Video shows moment Beirut building is flattened in an Israeli strike,"The move gives Kim Jong-un, the leader of North Korea, leverage to ask President Vladimir Putin of Russia for a lot in return.",,
'Europe is not paradise': one man's mission to stop Senegal’s youth dying at sea ,Violence has rocked communities in Ontario and British Columbia in the past 18 months. Now the authorities say the Indian government was behind it.,,
King Charles and Queen Camilla touch down in Australia for royal tour,"Donald Trump, Elon Musk and CNN have cited predictions from Polymarket, a site where crypto enthusiasts have wagered more than $100 million on the presidency.",,
A night of light and a giant maze,"Climate change, civil conflict and growing resistance to insecticides and treatments are all contributing to an alarming spread of cases.",,
‘Pole of Cold’: life in the coldest inhabited village on Earth – photo essay,One of West Africa’s most tolerant societies has seen a string of assaults after social media influencers exhorted their followers to “hunt” gay men.,,
King Charles and Queen Camilla receive royal welcome in Samoa ,A new drama starring Ralph Fiennes draws the audience inside this largely hidden tradition. How accurate is it?,,
Fabricating life in the Japanese village of Ichinono ,"NASA and the U.S. Poet Laureate may not be obvious collaborators, but a Jupiter-bound mission helped them find common ground.",,
Cosy cottages for autumn for sale ,We explain North Korea’s decision to send troops to help Russia.,,
"Jaguar cuddles, a supermarket cockatoo and a seal in Canary Wharf",The “Tonight Show” host was excited about Beyoncé’s plans to appear with the vice president.,,
,Recent gestures by Turkish leaders suggest the possibility of new peace talks with the group fighting for Kurdish autonomy.,,
,President Biden’s trip to Arizona will be the first time a U.S. president has apologized for the abuses that happened at the schools over a period of 150 years.,,
,"A third of state residents use private wells, and about four out of 10 wells tested after Hurricane Helene weren’t safe, highlighting the risks of extreme weather.",,
,"The Justice Department filed suit last month after a container ship slammed into the Francis Scott Key Bridge in March, killing six workers.",,
,Fever around the sealed peanut butter and jelly sandwiches is spreading around the league. The findings are nuts.,,
,Andy Carroll discusses why he left England: “I don’t speak French. I just repeat what other people say and try to learn through that.”,,
,"“The Wall!” is a 4,500 seat area at the Intuit Dome, a steep section full of just Clippers fans.",,
,"Starting in November, 25 new site-specific installations that explore the idea of home will fill the former Carnegie mansion in Manhattan.",,
,"The artist Barbara Chase-Riboud is being celebrated, including in the Louvre.",,
,The central role of printmaking in Mexican art is on view at the Met.,,
,“Alma” views its often-vilified protagonist through a feminist lens.,,
,Guess the 5-letter word with 6 chances.,,
,Group words that share a common thread.,,
,Uncover hidden words and reveal the theme.,,
,How many words can you make with 7 letters?,,
,"Get clued in with wordplay, every day.",,
,Take a break from the news. Solve this bite-sized puzzle in just a few minutes.,,
